run,windows_processed,windows_expected,prediction_agreement,prediction_mismatches,balanced_accuracy,macro_f1,mean_feature_us,max_feature_us,mean_classifier_us,max_classifier_us,mean_total_us,max_total_us,malformed_packets,dropped_sequences,buffer_overruns
1,26,26,1.0,0,0.6277777777777778,0.5771428571428572,255139.8076923077,258632.0,411.5,815.0,255553.61538461538,258945.0,0,0,0
2,26,26,1.0,0,0.6277777777777778,0.5771428571428572,255146.38461538462,258699.0,414.0,793.0,255562.38461538462,259012.0,0,0,0
3,26,26,1.0,0,0.6277777777777778,0.5771428571428572,255142.03846153847,258703.0,411.84615384615387,794.0,255555.23076923078,259015.0,0,0,0
